timestamp,entropy,mutual_info,geometry_curvature,phase_parameter,circuit_depth,success_rate
2025-06-16 10:19:26,,,,,,
2025-06-16 10:19:26,,,,,,
2025-06-16 10:19:26,,,,,,
2025-06-16 10:19:26,,,,,,
2025-06-16 10:19:26,,,,,,
2025-06-16 10:19:26,,,,,,
2025-06-16 10:19:26,,,,,,
2025-06-16 10:19:26,,,,,,
2025-06-16 10:19:26,,,,,,
2025-06-16 10:19:26,,,,,,
2025-06-16 10:19:26,,,,,,
2025-06-16 10:19:26,,,,,,
2025-06-16 10:19:26,,,,,,
2025-06-16 10:19:26,,,,,,
2025-06-16 10:19:26,,,,,,
2025-06-16 10:19:26,,,,,,
2025-06-16 10:19:26,,,,,,
2025-06-16 10:19:26,,,,,,
2025-06-16 10:19:26,,,,,,
2025-06-16 10:19:26,,,,,,
